Vertex :,1000,Edge :,2500
Vertex Information
608,560
100,948
515,321
208,537
733,333
587,184
178,119
80,93
692,81
281,319
116,591
33,726
384,313
772,837
288,184
637,623
97,74
323,773
675,866
759,907
525,311
757,73
617,306
660,815
75,296
508,871
559,22
816,590
807,96
235,588
963,964
190,742
346,149
98,835
105,353
841,440
220,474
39,98
568,46
9,860
151,446
681,613
261,556
655,121
281,960
829,389
993,745
376,252
489,567
877,379
552,501
279,606
536,8
269,668
134,357
910,190
12,418
176,203
512,335
355,835
774,506
770,432
935,909
792,527
521,187
607,41
651,968
890,998
845,671
952,490
763,339
894,394
768,782
537,994
153,755
686,198
983,450
562,776
674,441
4,595
709,67
205,245
964,559
472,30
1,861
706,598
629,793
175,847
545,986
879,500
209,733
726,423
329,51
5,876
980,525
977,928
356,78
538,80
705,706
432,757
103,233
521,191
44,922
614,44
693,946
732,959
242,147
741,892
750,933
694,647
277,137
707,804
513,11
796,234
933,18
53,749
418,168
571,799
834,39
74,780
42,76
757,185
97,568
252,821
175,718
141,504
33,208
737,111
894,825
177,831
674,124
523,133
276,337
923,989
989,422
731,859
136,384
895,870
573,263
683,111
259,869
490,963
974,554
118,442
542,964
339,273
172,618
780,759
276,611
763,219
217,141
922,622
560,310
843,584
39,222
126,373
979,778
365,816
742,818
272,358
856,13
867,300
97,884
885,845
833,293
167,580
608,436
215,82
251,753
695,645
312,25
582,618
942,70
491,120
74,745
700,782
280,510
42,808
404,947
0,835
252,98
7,485
784,711
819,500
277,19
205,859
373,719
902,232
219,395
58,634
875,48
137,669
595,884
94,792
530,464
751,427
180,956
805,212
575,517
421,862
714,598
962,336
782,820
193,955
334,681
822,982
628,137
26,541
216,514
364,1000
610,793
491,186
499,914
860,964
366,775
76,565
309,227
156,201
333,994
465,934
121,544
262,828
325,563
473,555
277,374
700,957
140,574
167,393
651,565
802,860
877,502
949,946
22,388
512,961
775,227
338,106
611,769
404,588
165,748
401,106
521,316
645,539
152,739
796,320
631,693
100,810
870,840
906,341
513,26
266,779
617,976
709,282
450,986
311,927
487,406
880,54
886,852
317,289
78,617
406,285
484,184
807,43
53,549
844,498
855,738
350,365
304,224
63,964
991,746
697,816
519,508
183,661
263,164
588,898
160,891
927,981
431,40
680,600
273,659
20,772
137,401
330,293
396,157
275,1000
206,987
269,935
566,154
261,125
881,575
21,465
868,449
647,838
660,543
646,725
38,77
437,191
895,640
99,531
717,467
606,791
374,219
1,822
348,645
770,408
450,534
551,290
179,551
172,322
217,373
223,75
404,43
40,430
709,399
127,939
362,42
205,604
178,93
532,692
893,0
804,124
91,168
665,344
379,382
76,200
680,651
210,448
208,851
520,889
572,800
118,574
570,243
114,68
713,21
917,811
860,8
992,659
769,174
774,369
484,62
481,609
424,660
439,428
905,671
218,812
952,615
498,292
232,296
236,794
258,356
371,335
51,963
294,124
303,524
796,768
501,319
848,616
697,350
191,694
419,741
700,971
177,17
556,620
303,730
343,473
748,874
951,551
436,40
540,988
81,186
200,705
939,838
363,915
40,711
894,904
509,583
707,264
286,581
309,609
800,300
268,916
725,351
732,488
811,773
850,92
980,257
761,17
741,179
399,986
1,286
698,113
274,925
400,46
262,314
349,354
130,329
250,949
105,829
998,13
979,887
333,686
225,656
485,503
498,801
779,54
769,311
837,550
629,600
640,807
978,921
762,67
472,954
353,779
202,241
735,896
531,46
722,74
639,373
386,570
393,180
456,575
976,186
474,457
42,755
730,471
100,152
22,173
476,977
527,651
950,98
355,469
125,690
807,871
95,33
729,879
395,731
247,396
163,878
652,97
873,180
160,196
572,531
216,946
169,754
570,445
852,600
418,63
720,611
584,458
493,746
218,272
943,801
965,427
789,370
225,9
502,61
923,846
778,658
52,331
836,291
869,350
147,35
774,521
27,763
699,974
253,565
459,662
341,410
485,693
520,662
519,246
979,276
526,266
999,154
194,786
890,513
686,579
272,234
434,943
177,366
858,459
942,206
289,275
778,874
181,741
216,752
424,156
275,539
96,771
809,271
168,924
361,170
12,654
916,892
520,102
898,295
400,982
600,199
912,403
809,691
723,109
98,568
84,780
525,969
705,251
209,103
77,881
120,361
962,816
716,84
878,717
492,265
880,618
713,13
64,738
892,826
832,756
529,627
498,529
891,444
185,568
149,160
222,834
1,906
43,417
334,484
844,749
571,27
417,348
800,393
84,275
766,38
654,303
529,618
864,60
413,334
688,166
188,677
417,260
470,402
80,166
177,611
441,727
833,985
928,947
593,55
160,167
121,428
155,885
584,681
525,493
592,382
158,825
529,639
361,539
850,924
870,70
242,976
980,571
655,881
785,407
372,381
593,651
826,978
424,101
666,2
913,283
642,683
352,850
545,826
404,501
149,139
63,162
701,526
770,465
494,117
289,412
348,95
460,529
831,250
951,358
538,827
771,939
961,645
164,880
600,169
741,167
101,766
453,688
333,712
384,395
70,748
137,848
296,0
981,132
641,36
939,384
713,184
622,81
741,657
188,227
925,688
99,288
555,790
656,497
666,68
305,328
809,515
796,274
705,867
955,383
4,734
919,421
509,993
985,506
916,617
77,851
877,636
899,788
368,668
49,105
602,694
871,247
531,424
472,145
168,309
780,481
29,803
255,473
463,856
563,705
629,363
891,472
397,723
627,618
480,796
845,186
807,908
948,661
868,216
7,530
410,136
591,315
428,704
58,133
593,349
252,289
983,293
960,429
257,336
313,83
856,99
206,912
463,325
907,288
709,881
204,721
750,242
653,707
232,843
262,469
138,203
935,708
143,103
856,555
343,727
800,91
163,823
851,7
679,683
410,857
919,57
258,249
406,71
562,122
452,932
134,107
764,903
326,93
410,515
537,749
965,430
773,857
627,100
923,122
417,629
743,836
704,22
768,101
498,924
380,525
502,64
567,321
339,367
823,708
588,678
13,554
7,58
674,805
166,117
3,439
12,290
218,112
655,192
139,991
981,137
498,374
837,383
465,985
888,629
711,282
513,538
664,853
519,823
7,324
302,712
610,756
391,829
814,250
190,471
215,400
275,2
75,402
31,960
210,770
575,829
396,952
204,868
479,823
77,423
579,1
979,179
244,19
686,799
632,769
925,103
832,466
18,618
738,860
857,787
345,770
202,12
299,637
698,971
364,762
740,806
677,136
333,774
59,247
625,748
96,691
636,594
301,606
300,669
14,593
39,263
994,682
561,74
305,355
571,227
703,184
720,570
29,528
459,324
463,816
22,901
759,54
703,215
255,279
441,368
444,810
863,80
443,565
62,720
862,38
447,439
995,288
9,365
531,893
109,65
151,935
226,240
719,64
126,410
902,788
24,550
75,978
123,799
540,39
284,825
194,829
498,116
351,804
830,777
970,94
424,399
380,868
269,202
471,790
621,292
372,59
101,752
616,327
102,16
471,156
525,681
165,475
704,736
269,388
812,664
807,767
128,571
83,338
827,352
589,558
536,990
973,127
948,384
892,871
271,724
95,11
111,15
884,718
425,842
591,222
298,798
208,492
250,972
465,441
671,831
981,243
575,205
959,279
658,291
859,786
681,872
47,873
448,47
657,703
649,820
710,845
804,570
190,144
7,186
178,271
656,867
53,961
807,627
392,79
628,864
656,998
483,186
513,52
78,458
686,511
66,688
115,374
739,291
976,151
889,528
739,447
365,788
718,986
997,728
683,257
869,562
32,227
597,880
362,933
499,917
755,492
970,456
889,986
738,122
415,987
294,114
915,167
377,760
837,357
911,0
380,361
486,591
945,778
977,616
98,966
395,934
864,802
106,474
467,260
744,886
919,879
268,503
319,720
463,661
380,407
25,423
217,866
464,818
553,943
471,473
806,747
871,669
981,235
392,186
109,752
751,730
849,261
631,113
426,386
39,370
793,339
892,864
527,250
679,972
120,532
488,914
112,225
606,741
903,806
161,193
17,492
682,772
179,547
209,183
975,274
373,976
828,427
8,466
336,7
476,381
70,78
385,358
688,887
84,305
666,319
661,569
68,384
58,806
149,896
135,454
977,936
846,253
1000,41
387,803
286,147
109,372
1000,623
128,80
51,790
490,511
232,941
863,374
462,412
532,177
386,152
865,769
194,109
513,162
732,686
371,568
935,761
638,980
870,792
377,699
542,360
825,25
183,65
814,943
129,218
603,601
956,438
701,162
515,32
67,763
657,644
415,686
94,376
156,82
572,534
76,803
768,320
55,336
319,566
291,521
893,654
790,831
32,713
460,747
572,311
596,2
667,801
87,92
993,80
178,782
621,230
372,886
840,433
76,862
430,102
635,98
554,979
Edge Information
105,0,826.9471026288137
105,1,1101.9248723758403
105,2,1530.56401783685
105,3,1523.1228955554013
105,4,1149.6680158061597
105,5,1532.7278433704896
6,912,2164.881887002378
7,912,2326.580812189527
8,912,1590.4404018247053
9,912,1808.2369378492597
10,912,1042.6192286235002
11,912,1196.6880504543644
0,12,820.0788045920812
1,13,1577.551193039756
2,14,521.115244429292
3,15,1076.5058039731452
4,16,1178.9465299042936
5,17,1554.3138395036576
18,6,1912.7577667428475
19,7,2111.4753780581523
20,8,652.5986156596489
21,9,1087.1555581089874
22,10,1006.1749705794459
23,11,1519.7641299310733
12,24,465.85377036966815
13,25,608.3211799215866
14,26,651.8386057240978
15,27,296.11567584433067
16,28,1128.0965294896948
17,29,497.800639150714
30,18,689.1328534054586
31,19,1399.8676602537612
32,20,496.7775794653412
33,21,2410.019285678588
34,22,1237.5899235391425
35,23,998.1782599686322
24,36,394.0743384253736
25,37,2020.4327015076951
26,38,47.52316389620988
27,39,1822.1147595878433
28,40,1164.542346319302
29,41,1070.6735864244865
36,42,141.19861618292046
37,43,1365.9920595561205
38,44,2009.1864955046556
39,45,1908.0867821621155
40,46,2217.825558725918
41,47,1083.3597835409262
42,48,563.957753971738
43,49,767.4672368134686
44,50,1180.1042609708406
45,51,1268.4871522276749
46,52,1703.0931930548613
47,53,815.6478287808671
48,54,662.7670966306412
49,55,366.1623857503524
50,56,905.4075572538007
51,57,1005.9167399989755
52,58,573.3649762703039
53,59,444.87948424025575
54,60,1481.8291522365002
55,61,545.5928180174529
56,62,1933.0740521558141
57,63,1358.582654354862
58,64,323.304754220045
59,65,1523.3059905589996
60,66,1126.6213310154835
61,67,1203.3777550263592
62,68,411.5855393503923
63,69,252.02316842083778
64,70,637.8874798955393
65,71,872.5954023370095
66,72,406.4382782480103
67,73,665.3421549721858
68,74,1246.9047421918938
69,75,849.5726014499379
70,76,595.4778210059671
71,77,1036.3978062533727
72,78,701.2434248493499
73,79,1424.157761753892
74,80,1844.3265268081752
75,81,1127.8072400925937
76,82,187.4048858289153
77,83,1599.8411732058032
78,84,1331.276678016468
79,85,1666.489215426176
80,86,1449.566814136144
81,87,970.9014280136608
82,88,1125.91462879901
83,89,1426.4530989054522
84,90,560.306630020608
85,91,269.9845229454501
86,92,1293.7374716616662
87,93,299.98432661078573
88,94,1456.0083137083025
89,95,935.257720379527
90,96,1233.8286477749987
91,97,773.7334370066793
92,98,1483.5380054887676
93,99,915.0674032314341
94,100,2022.0485490476597
95,101,1517.2464145645665
96,102,2164.3758677396672
97,103,135.91656275618095
98,104,509.84213008365543
99,106,1561.0908557620005
100,107,1745.1211711144051
101,108,1728.6576708817545
102,109,1473.9975660884766
103,110,585.175877321509
104,111,236.79547082098017
106,112,733.7487584275669
107,113,1383.6456535753825
108,114,1960.5354040259504
109,115,1060.383778758674
110,116,350.1183548470562
111,117,248.1893825532016
112,118,754.3367950850627
113,119,2167.5456339811462
114,120,2206.925358887424
115,121,1431.278927752557
116,122,1242.6306914541774
117,123,646.8763030872528
118,124,2342.8310741278096
119,125,543.2074957699027
120,126,321.3743635489196
121,127,185.31209494514118
122,128,1818.0882012509542
123,129,149.55139282351993
124,130,1570.7322563865325
125,131,957.029418936462
126,132,438.5049298990212
127,133,2142.732141989013
128,134,775.747456699887
129,135,1114.836130629846
130,136,1403.3169564301086
131,137,1969.6580101479017
132,138,566.6759472207727
133,139,2177.137524225779
134,140,1495.1547431770728
135,141,592.3963356543516
136,142,1825.4445677797212
137,143,1333.1509474775542
138,144,1115.2886521400992
139,145,712.4363274253294
140,146,614.4626176310882
141,147,782.0230802670902
142,148,1438.861535759297
143,149,1241.9275007339525
144,150,1760.6685054878485
145,151,1601.2338854398863
146,152,1124.2770084131846
147,153,291.5436435640467
148,154,981.859698662882
149,155,1519.0023562591841
150,156,1591.3946705794865
151,157,1202.3632170502294
152,158,1133.1660486206854
153,159,1415.632477488818
154,160,1504.6589036112116
155,161,1784.5785401419316
156,162,2046.0564035929292
157,163,1173.2281671981796
158,164,1209.8128423413957
159,165,555.7803532070897
160,166,774.8788642651424
161,167,1305.3010319450477
162,168,376.5254955102328
163,169,544.5676058405071
164,170,993.1031363251543
165,171,851.7213000272463
166,172,1093.171616821716
167,173,579.9178069336356
168,174,274.74300442686734
169,175,265.0727723819892
170,176,969.8778069771769
171,177,1424.011005949497
172,178,2296.144450198294
173,179,2041.1238747767043
174,180,1611.0816741103006
175,181,1601.2154675423278
176,182,1150.4366467492662
177,183,1549.454541890941
178,184,1704.6709268459852
179,185,449.619691128964
180,186,1397.7923461743653
181,187,2034.84779884086
182,188,1151.8968724678027
183,189,1872.3196545917763
184,190,1115.2409714989465
185,191,309.3179201737632
186,192,655.4760869565323
187,193,1840.031033989249
188,194,572.6917756051731
189,195,1604.8938231987845
190,196,2119.2450142988223
191,197,1686.810426966638
192,198,561.2607759619729
193,199,509.5391061827057
194,200,432.0566041713597
195,201,514.0884108425479
196,202,1028.6909244318217
197,203,2150.8062761401843
198,204,613.378444515831
199,205,833.074396777243
200,206,826.4858197935275
201,207,2070.61843756018
202,208,1056.414462588542
203,209,333.26883697451854
204,210,513.3716293170987
205,211,1765.9412423805652
206,212,1556.9409466575864
207,213,1736.3778550946327
208,214,681.7351204870048
209,215,833.9116466820709
210,216,1574.9104014554769
211,217,694.4677895192265
212,218,390.78768235586864
213,219,663.0806076180536
214,220,540.1885241693102
215,221,628.7530291625607
216,222,692.4630333403084
217,223,1058.9575973107471
218,224,1000.1382813823858
219,225,454.2745838310181
220,226,86.75529249694918
221,227,717.1374243488787
222,228,679.6287141399209
223,229,891.4085182143841
224,230,967.9094869035875
225,231,394.3264171053302
226,232,365.2161659774989
227,233,1370.3539801793397
228,234,565.7865814130386
229,235,2125.443124343648
230,236,631.4885045433263
231,237,1110.7545813174274
232,238,752.7573157321776
233,239,1373.278434654112
234,240,638.5919878073454
235,241,1279.2461466266002
236,242,1079.8600978490215
237,243,1066.4862132418218
238,244,810.1817460509924
239,245,1463.2329302657408
240,246,1462.9878499084118
241,247,696.3268762646533
242,248,1795.006708104287
243,249,1220.0481777273499
244,250,432.7723922163005
245,251,1453.2248201044415
246,252,1005.7622520852245
247,253,1358.4487604266262
248,254,763.0244956941578
249,255,2265.546452316104
250,256,491.6489054053564
251,257,720.2777006405702
252,258,1137.5923538117036
253,259,1401.4292579393455
254,260,493.5888051277094
255,261,127.04298455817965
256,262,2167.170293871945
257,263,1077.199190259277
258,264,1867.672662824301
259,265,212.2011243834443
260,266,338.86742001460334
261,267,2461.61982626604
262,268,1462.7806154055959
263,269,687.2461332178167
264,270,881.1328519479551
265,271,731.0238867039305
266,272,161.2865133112906
267,273,910.9136282409436
268,274,1735.8382159396087
269,275,564.644557722774
270,276,799.3252520226981
271,277,1003.654275571477
272,278,748.5354086278878
273,279,903.4766106559077
274,280,1077.5686386862794
275,281,1546.59020458005
276,282,251.04447689655396
277,283,1352.1638610565326
278,284,611.6180742114908
279,285,651.2395057023552
280,286,886.9780342384777
281,287,323.16010200333164
282,288,1448.6069025068477
283,289,1281.0108662193675
284,290,1840.3235681229457
285,291,838.7494957310042
286,292,731.8902956066459
287,293,1085.5183992922478
288,294,1569.2794564274072
289,295,1221.3881920332144
290,296,304.4881036091702
291,297,1242.6899443677114
292,298,226.86995029858008
293,299,140.00102845305008
294,300,802.0415930962405
295,301,1275.9020323713053
296,302,1196.6939576180314
297,303,1387.9687059324729
298,304,680.5308195217946
299,305,1259.2052644136431
300,306,732.3604543766418
301,307,1258.1696320883018
302,308,718.9102182692982
303,309,1127.4057780862863
304,310,990.205842487986
305,311,1196.023562827414
306,312,1145.8166028947292
307,313,1029.7078266142407
308,314,821.8530710926841
309,315,1045.2269990466773
310,316,417.0276088112312
311,317,1039.6316897344032
312,318,849.7543852729809
313,319,2576.5008381439993
314,320,643.4712568939127
315,321,1088.1894451570163
316,322,585.7108811229998
317,323,1110.157751171023
318,324,1565.6320596453224
319,325,1336.6058287924236
320,326,1069.178076727076
321,327,1210.3137382190773
322,328,907.8584000584274
323,329,697.131847481126
324,330,826.2576953890324
325,331,639.4487125107504
326,332,1662.19219676269
327,333,1005.2370923273008
328,334,1913.448607052356
329,335,2067.910394137112
330,336,516.2533383207606
331,337,1316.920322149315
332,338,514.0580687935538
333,339,769.7575052196257
334,340,1463.4797645292392
335,341,1471.9770789864642
336,342,980.1671907640683
337,343,1578.6476756025822
338,344,1129.8803927478386
339,345,642.5832408248286
340,346,650.21878747768
341,347,903.0959677798403
342,348,1094.5444231354763
343,349,953.436551861566
344,350,2392.260125065012
345,351,614.5634641465878
346,352,526.5104942191338
347,353,1232.1966168488375
348,354,601.8960922001581
349,355,1316.398327506067
350,356,1490.5615600511603
351,357,1420.2641880996694
352,358,590.7687523421813
353,359,557.3845691225338
354,360,979.6031792722541
355,361,637.0152753085378
356,362,1320.1636047936206
357,363,476.3194730355038
358,364,671.6242084431294
359,365,1009.4356347095321
360,366,401.4203375719552
361,367,660.2986028993953
362,368,1249.9056320667441
363,369,496.5829206306626
364,370,330.4954264050225
365,371,1584.7785418356368
366,372,1601.6168050943274
367,373,774.4727652434872
368,374,1125.2858074631447
369,375,1494.7618284332502
370,376,1652.3797736909155
371,377,663.5066055480486
372,378,1834.25770699486
373,379,996.6183092023607
374,380,512.6372675138938
375,381,424.72199750194886
376,382,1259.842027164584
377,383,1615.6840074480313
378,384,332.585598269723
379,385,1943.4137181783549
380,386,420.168580983312
381,387,1250.564400298957
382,388,2338.8483643339314
383,389,264.58067006206943
384,390,1939.8647733445441
385,391,561.7687861717638
386,392,747.1798979873884
387,393,1231.1865444907482
388,394,210.14622081068083
389,395,1618.5549174099845
390,396,361.58935928227
391,397,1096.9295024117434
392,398,2122.950835302991
393,399,622.2529364409656
394,400,606.0311753004432
395,401,1116.591553323022
396,402,937.1422715577656
397,403,521.5208034049398
398,404,1360.3497009014661
399,405,1151.3637932935665
400,406,693.0318437798759
401,407,806.006148507217
402,408,1084.6214015910705
403,409,35.5378563778099
404,410,1103.854213518699
405,411,813.5281267494389
406,412,1187.346471493294
407,413,198.20709011054225
408,414,2173.1304138373016
409,415,100.74255985769871
410,416,968.4628208468148
411,417,422.2639653455875
412,418,319.4220612946929
413,419,1060.520528275652
414,420,990.8064483012216
415,421,1028.800353662052
416,422,1401.7426446516786
417,423,747.425913830016
418,424,485.40471714576574
419,425,1069.9323655590404
420,426,1813.7065572965962
421,427,463.77057564578416
422,428,2247.3869561306615
423,429,581.8263202813861
424,430,1087.278687546368
425,431,1903.955381322026
426,432,2532.681400613587
427,433,540.3816821419636
428,434,1773.2677187392214
429,435,252.85550067355072
430,436,460.89954914641277
431,437,1774.6913576563354
432,438,1820.012853934936
433,439,1579.3719736037262
434,440,532.263344914094
435,441,1097.7643470647174
436,442,208.52640733971344
437,443,603.6863640264836
438,444,915.2694429443188
439,445,654.7435800541909
440,446,388.08573671780374
441,447,986.7031396388672
442,448,512.8919856764204
443,449,743.4532833498737
444,450,364.62754534551976
445,451,1221.3941610967638
446,452,612.3289485354966
447,453,1347.2730110922625
448,454,1242.9682861613517
449,455,2165.5315178166834
450,456,507.9266658921168
451,457,2247.2146753536085
452,458,154.84451981021556
453,459,1435.0720231201522
454,460,635.4428427709222
455,461,828.6521154818963
456,462,1543.0859951282137
457,463,1531.4027585129713
458,464,1315.6324350517289
459,465,1169.5405794037113
460,466,854.2951548701478
461,467,559.9581570652118
462,468,1094.8475811387848
463,469,1449.8239521897206
464,470,1847.588421503251
465,471,664.1971951951218
466,472,1426.3570363452857
467,473,462.7631337101836
468,474,920.986842479246
469,475,797.6891791001361
470,476,1133.288206023496
471,477,1487.8560274099868
472,478,1558.5678840105993
473,479,1221.8589250039156
474,480,515.1922644606299
475,481,855.6535642590793
476,482,1430.0121839792948
477,483,792.3232350667656
478,484,965.7808624425825
479,485,1008.0449732048836
480,486,1780.1108871267304
481,487,1241.4468819713325
482,488,1477.3450695592992
483,489,362.60234034084226
484,490,1372.2834450090786
485,491,1009.041808485334
486,492,1759.3284907012799
487,493,1501.7092229728996
488,494,199.46793930615678
489,495,503.3618876992593
490,496,565.154415792178
491,497,2118.971052630292
492,498,503.25187829317554
493,499,402.9441094222984
494,500,1336.3531038236292
495,501,718.9999781461581
496,502,1193.6697842848282
497,503,573.1906410606866
498,504,2015.8151123487116
499,505,2085.4362119018306
500,506,331.45809556653546
501,507,2087.423617108645
502,508,1584.5115630700707
503,509,1228.0905675522831
504,510,725.10440602309
505,511,1709.285444072423
506,512,1303.6930413146551
507,513,1801.5951157253894
508,514,1627.0139406120454
509,515,92.18298731032826
510,516,870.9909440802763
511,517,841.2383638772067
512,518,1077.4042504855486
513,519,491.5782936021267
514,520,2095.6919575046645
515,521,968.2001936778408
516,522,945.1480362138668
517,523,924.4370779659957
518,524,1292.6645476740566
519,525,1394.170312092208
520,526,944.4538350225415
521,527,924.1691416995221
522,528,1530.5490029394596
523,529,322.5194101862199
524,530,1397.8253888677007
525,531,829.5026536176377
526,532,1288.2065246035115
527,533,950.6083318862726
528,534,895.4636756005916
529,535,1516.5777282310776
530,536,1745.4600767542813
531,537,553.9253587381198
532,538,533.2395742052075
533,539,1792.3632875005655
534,540,738.1412853137784
535,541,1035.1657758722374
536,542,1268.3601074933176
537,543,1286.5178541813216
538,544,642.8657781570394
539,545,140.24103718949127
540,546,349.8886751463489
541,547,800.2745663435619
542,548,814.7202277795336
543,549,1221.2984352184462
544,550,708.6835964725024
545,551,1484.0107897912071
546,552,719.3820221069185
547,553,614.1345522869775
548,554,614.013178586903
549,555,896.5552461139093
550,556,1575.4210582358876
551,557,1901.899727578322
552,558,614.8359705025572
553,559,709.2450963532132
554,560,1250.0777227767476
555,561,1286.0069438195453
556,562,1180.6586540004218
557,563,1238.2274061029993
558,564,2093.6792956292106
559,565,304.13186835127607
560,566,973.0829094379557
561,567,587.0955122558247
562,568,562.09911386731
563,569,620.3894744603487
564,570,1129.013326570267
565,571,2033.3868940459986
566,572,256.1065400178386
567,573,1217.302832126189
568,574,1696.3988540472785
569,575,322.55241638927816
570,576,402.5604800829319
571,577,1300.285670948001
572,578,624.9512334090662
573,579,345.2458668248483
574,580,1256.918125391889
575,581,1263.8809952002698
576,582,1237.395388908027
577,583,1046.3205135871756
578,584,477.1386029745678
579,585,693.1786961710206
580,586,844.0894962447642
581,587,928.3111220918476
582,588,1523.6408691313427
583,589,1128.3973013529119
584,590,1704.4715511598074
585,591,1946.0982401860326
586,592,1738.6040637585575
587,593,1362.199976620276
588,594,1612.2914482933118
589,595,849.326350684076
590,596,2012.3344513696006
591,597,1862.6435620953073
592,598,1660.424782372318
593,599,1725.2164732785423
594,600,1705.291854387061
595,601,1499.9262202603363
596,602,1024.4579711100603
597,603,635.5164009708164
598,604,1112.5044933501138
599,605,374.35906259237817
600,606,457.9993345155464
601,607,1258.2970134285713
602,608,409.23357650897657
603,609,622.1995110663017
604,610,1545.2595146645615
605,611,1212.0312341089245
606,612,1272.5400968021236
607,613,545.23723227641
608,614,555.7742263929028
609,615,2280.64528809862
610,616,1977.2043761392915
611,617,722.32201209199
612,618,573.277871083044
613,619,1590.626759381209
614,620,555.2784226540889
615,621,1573.0695033900301
616,622,827.8587781356412
617,623,1537.6453886448194
618,624,1026.95099423522
619,625,1329.882295267677
620,626,1038.4198435851804
621,627,1267.3403002581995
622,628,898.6275235127209
623,629,1036.4670625893264
624,630,1101.9915182162972
625,631,275.88522141816986
626,632,769.0817197465484
627,633,709.2351648493083
628,634,136.97873337638782
629,635,1074.1241900850803
630,636,1046.7881169139837
631,637,336.70726954610905
632,638,1280.8306979145536
633,639,1483.92783724208
634,640,1407.4764839626134
635,641,650.4087542060522
636,642,839.5167201501508
637,643,2459.2112289993365
638,644,497.30863055685563
639,645,678.8554221010443
640,646,1406.7346670110808
641,647,739.8734966231824
642,648,748.2734743424274
643,649,477.69546099330597
644,650,738.7066380838233
645,651,1046.3710737276451
646,652,925.7184602792593
647,653,239.34715491145317
648,654,1339.990021659729
649,655,1404.0056436710233
650,656,366.3257277508762
651,657,856.4205789827612
652,658,1353.408724766873
653,659,1168.3850183836794
654,660,1388.355348314349
655,661,1531.220261364254
656,662,1011.2842362404155
657,663,616.8047673731277
658,664,332.1440723968843
659,665,1626.311033154086
660,666,1114.6500553157996
661,667,1187.4940495678968
662,668,1264.5437929404275
663,669,812.765978809433
664,670,1933.6206475771155
665,671,983.1875038664936
666,672,1686.374801281866
667,673,650.2002466952498
668,674,772.423615145812
669,675,1222.512349327795
670,676,1826.4645303000325
671,677,273.09242327147626
672,678,688.7217041437453
673,679,1414.1193645589533
674,680,1229.435186383727
675,681,1715.024383996912
676,682,1690.4303697040011
677,683,959.805430340463
678,684,279.83659036913895
679,685,460.60023212127663
680,686,1040.3211037639383
681,687,1198.1405276343266
682,688,1547.7947253449463
683,689,1124.396588443318
684,690,979.2053899413255
685,691,1093.327105727783
686,692,817.6879048900776
687,693,1059.0905074777618
688,694,626.9333231402525
689,695,878.8411997966294
690,696,771.0367203589847
691,697,1036.8705682680443
692,698,662.9520968321953
693,699,1351.791902500337
694,700,1326.6342877086051
695,701,797.467859318939
696,702,1500.1298172605316
697,703,1273.8340141642434
698,704,1682.1720403841055
699,705,840.6916064438606
700,706,1436.70906218646
701,707,1663.4691169722348
702,708,1044.3757117081968
703,709,1651.2675322956936
704,710,1129.1764496998462
705,711,1238.9158889977764
706,712,910.9400249977151
707,713,1763.9747175305463
708,714,890.4163220318941
709,715,1109.8893909102962
710,716,501.35860448164624
711,717,1031.9299414754626
712,718,916.3934701362713
713,719,389.3680776666983
714,720,1416.4413931988659
715,721,1171.5305148489952
716,722,619.4664523476348
717,723,1494.2062671315598
718,724,883.5460349948197
719,725,1340.3947846065967
720,726,1604.7156811350944
721,727,1207.7868466910961
722,728,1309.865590422055
723,729,1393.8912446650797
724,730,1353.7643540183292
725,731,2178.5283527334786
726,732,1170.482382388767
727,733,317.8970621986639
728,734,1601.2666074252604
729,735,845.1908369277836
730,736,2216.634252544436
731,737,1701.5230102497585
732,738,333.05646374787966
733,739,543.8417724078764
734,740,1688.7020240248064
735,741,1013.0554082823453
736,742,1560.009386671687
737,743,638.8314380699035
738,744,227.50280297180723
739,745,1191.6808863518315
740,746,1501.0702418535259
741,747,1016.2604862659293
742,748,502.6375377652941
743,749,670.4080008954737
744,750,574.6810093522457
745,751,943.5445729767382
746,752,211.09424032135075
747,753,625.5901925005528
748,754,1585.7175935100356
749,755,1347.6628533805367
750,756,1222.710339117002
751,757,525.5165050704536
752,758,961.7481601819492
753,759,1318.6553475853614
754,760,1243.3815035980474
755,761,2118.803406232069
756,762,612.9531979333211
757,763,1140.4851905661858
758,764,1790.3189729204855
759,765,234.59030595873386
760,766,592.6665532311205
761,767,816.6044531597802
762,768,79.07508289669018
763,769,41.33740167826195
764,770,2889.0440453294377
765,771,1283.8073287950149
766,772,1309.5643284037571
767,773,1596.2494080471322
768,774,139.8619945180241
769,775,1500.9657172460554
770,776,1709.2397340403886
771,777,584.9452902956633
772,778,1285.639261602728
773,779,2700.985757117858
774,780,577.2972706568927
775,781,561.7451148954395
776,782,196.11943001532248
777,783,748.508349974547
778,784,874.7082859317127
779,785,198.09016200589215
780,786,1172.5616555801116
781,787,281.910983626331
782,788,692.6426333147873
783,789,1313.2135433676349
784,790,1242.6722989470722
785,791,609.2658855450524
786,792,1514.0219338925976
787,793,831.573400560615
788,794,964.475090731176
789,795,450.68147248340694
790,796,487.09149712295664
791,797,184.30221189790873
792,798,1064.0136636268207
793,799,980.2830337207752
794,800,1045.5015698540824
795,801,896.9086918403491
796,802,469.180872544342
797,803,1362.2208265278186
798,804,622.2749508404904
799,805,1135.9071616523697
800,806,1142.281834412295
801,807,702.0632546048317
802,808,1906.6815903507288
803,809,1212.9740590861686
804,810,1014.9563903742277
805,811,274.66491137960935
806,812,686.1820010226925
807,813,795.4721427011795
808,814,755.5158380404315
809,815,1145.064630792406
810,816,1604.3239525882307
811,817,1933.4073112704377
812,818,1656.7357386774404
813,819,1264.2183094657655
814,820,1920.627900931885
815,821,1429.3910218221486
816,822,1685.3121666659583
817,823,1710.935301614139
818,824,135.17194307177797
819,825,1196.2825602948408
820,826,2144.5182298719683
821,827,1138.3554245602409
822,828,411.43230649067124
823,829,799.6399559772175
824,830,1518.1906033890245
825,831,1373.9423071870779
826,832,1550.6442415550996
827,833,1085.284439797929
828,834,100.2682903400158
829,835,2368.403848220643
830,836,330.4690036460216
831,837,1254.1889703799563
832,838,890.7789486343909
833,839,342.56435846781204
834,840,493.90505343077194
835,841,1258.9974583854598
836,842,771.982369985488
837,843,1336.9166112458597
838,844,90.32307025586275
839,845,1288.9532748567717
840,846,141.6154870060746
841,847,340.01225795103414
842,848,1396.1430829526928
843,849,2105.2448774856675
844,850,1496.1399306030787
845,851,2360.771096547561
846,852,1640.4966333463396
847,853,1305.15495359549
848,854,1100.9117086908068
849,855,1936.8728038212355
850,856,588.8201457873326
851,857,1009.7277322295392
852,858,1293.0383678897483
853,859,167.77764707949976
854,860,733.4959594211958
855,861,1954.5493333960192
856,862,1185.6853607278963
857,863,632.752415856832
858,864,75.11409199430368
859,865,1172.5611774843012
860,866,566.6884583288283
861,867,793.8690579235483
862,868,869.0289377614463
863,869,549.2119986662066
864,870,268.3164084693059
865,871,1868.0398924049769
866,872,1393.4446047020322
867,873,146.12285032101758
868,874,1615.1178328890217
869,875,867.6311456428707
870,876,1320.5090572746228
871,877,1028.9494328642115
872,878,343.94086020318844
873,879,1330.2956251073656
874,880,947.2512152799063
875,881,947.8815740093404
876,882,1315.596573124668
877,883,1935.877776235181
878,884,2005.9086088368301
879,885,1318.1513163785446
880,886,655.3731250257642
881,887,1756.3201006467123
882,888,640.3609451547832
883,889,1681.506980367668
884,890,859.391746935892
885,891,1026.8933403807773
886,892,865.3824805721093
887,893,320.7400049776383
888,894,1896.1170250511957
889,895,1402.2454683525082
890,896,604.3675173195589
891,897,668.191649477676
892,898,427.52357176557973
893,899,1102.4793463073443
894,900,2038.890263905297
895,901,1822.3746008529067
896,902,1288.758031023105
897,903,902.8200856827503
898,904,881.5341951448514
899,905,852.7213830231094
900,906,1391.0590048844952
901,907,1035.7470205057236
902,908,768.2734219442231
903,909,1993.743473797153
904,910,448.08412923807526
905,911,679.5892456184486
906,913,1346.6025936785024
907,914,1033.2175862336571
908,915,281.3142513026288
909,916,716.3851451164434
910,917,116.22201455044868
911,918,560.1246508557331
913,919,168.78668762565565
914,920,437.3141322225396
915,921,686.9019109737991
916,922,1479.233807569542
917,923,1263.0726519788154
918,924,1710.0160016348361
919,925,1725.9202930729634
920,926,1315.1423427569289
921,927,895.956388149394
922,928,774.5875707220262
923,929,2182.6049193776485
924,930,1234.7102049297248
925,931,755.5649929139046
926,932,411.16290846261006
927,933,762.9031156082717
928,934,651.1154432493843
929,935,713.1412854962051
930,936,1335.514226130716
931,937,1002.3504856648211
932,938,267.4165443335092
933,939,1679.8586118270564
934,940,858.2453195832194
935,941,2116.7596328985087
936,942,602.9100737910263
937,943,1350.1154283126275
938,944,208.00864711009086
939,945,573.8943706148907
940,946,1191.829194429673
941,947,2451.780086332198
942,948,481.7146577127394
943,949,1545.464675883925
944,950,1761.2998731784087
945,951,1371.0593220462358
946,952,658.137061858594
947,953,1762.8610437045727
948,954,978.2657444495184
949,955,1809.6046658329622
950,956,760.89521805053
951,957,643.9456521532417
952,958,1023.7160088974045
953,959,1407.385451973185
954,960,548.2066392575861
955,961,2296.773541383157
956,962,1289.357692881513
957,963,881.6705340634816
958,964,1256.0518880482587
959,965,1737.8370339332803
960,966,420.098856567149
961,967,2203.692432290618
962,968,605.2585011142406
963,969,751.940729913788
964,970,279.0920090783261
965,971,557.9061854759576
966,972,1329.050658195164
967,973,1587.0187161699025
968,974,321.6416534196779
969,975,1335.875051316072
970,976,1317.9802573574345
971,977,984.70402041837
972,978,100.05546694129198
973,979,687.9608214758392
974,980,785.034011890415
975,981,578.6928574112117
976,982,757.4300007055649
977,983,854.1387396230053
978,984,1689.1703455947102
979,985,1426.6585184762605
980,986,1209.081055699012
981,987,883.7397443249415
982,988,938.9926276444347
983,989,666.3463051189165
984,990,2377.4167795369344
985,991,2690.942785451511
986,992,539.8880288633018
987,993,220.09051028697593
988,994,1759.8860968409585
989,995,836.6662216396315
990,996,1546.498433948003
991,997,854.0851496539532
992,998,1543.825226560067
993,999,1494.510717691704
998,35,814.3237185758217
999,34,1785.615318818808
994,33,418.2830963797645
995,32,859.8461911605152
996,31,296.7097280014729
997,30,2503.19330958548
968,773,1521.1810496530964
94,267,2510.1648932566245
700,799,767.9894247271877
650,546,1962.9326127708762
719,118,1608.379884221576
652,348,400.4091583563956
954,448,565.6083214067538
317,210,260.4283766639885
672,304,1000.0480495111346
876,176,624.1449611509157
671,810,697.5203593927209
468,333,915.058619252977
230,638,572.5012685726914
380,266,927.4489299273894
421,442,752.2887415766204
185,797,439.7114336229069
237,80,1019.0077012774854
614,279,1710.6896345041046
364,357,1270.6292150735817
998,977,836.3490824222876
642,919,963.9425623962013
453,918,381.44712149300625
47,371,1138.2861816478915
697,525,437.81992712712304
641,381,385.5170533686231
277,839,448.92828515149523
457,137,1838.363359443802
84,884,623.929662422345
182,82,545.3388033560113
192,376,811.2828406249539
780,449,59.20888110628784
895,53,505.34803926192365
877,737,1072.8356566800949
728,41,1275.4681925499465
264,573,637.259751110471
556,904,1348.1997697596728
936,490,1754.8812566602498
811,998,944.8846629880054
490,629,1166.2676600249379
467,484,587.2371197020977
410,216,1492.0483813165254
270,649,961.1654055948825
443,683,746.8930474370469
867,369,456.16159635972537
911,981,826.0358672453283
235,440,1127.6958622687748
166,517,260.1124831470765
862,307,1729.767126375086
538,152,292.48781074452927
286,449,861.927786988185
225,295,1464.8366486482878
541,582,1026.0370214018712
830,452,633.7267302376806
337,881,995.6219378527263
775,590,2288.7122423279025
224,231,1923.0607393814348
210,681,423.07640807755536
285,268,1598.6406018523958
803,196,1915.6264212643787
254,773,950.0174245648657
539,305,837.7230162046435
415,334,268.8486230095077
349,723,740.2931227657485
227,111,1068.364524772434
278,971,1268.5232019796367
406,221,854.6874641918199
888,496,1100.458710748492
369,41,1076.7014087115142
222,272,765.7521036771957
431,850,1889.2391271663428
418,672,256.95406043907184
488,77,1278.8816622118136
982,196,866.5757159718976
531,911,299.8491329069536
961,980,1623.5141693324158
584,263,768.5859732832793
736,67,1700.891174342829
610,462,67.75246503983405
819,150,312.4680751512032
88,180,2212.6418958581176
499,621,361.16629847397394
83,684,1125.0084949704972
563,998,411.7978607065238
330,565,850.7083951020778
904,468,564.9671290084369
197,98,999.0891130493817
775,65,729.591175042926
818,341,648.2259173415267
196,944,935.0736332024971
917,514,41.4719468284758
637,183,378.9840177463056
463,923,1685.0751264307416
157,537,1210.5912290118542
922,129,1069.1781418735827
382,907,868.8470392706079
771,371,632.5294482902432
188,132,169.2152192238839
926,97,1282.5106502127871
73,982,1317.6054275827478
366,254,812.2796650321811
169,830,1124.228223017938
789,371,411.85850222793067
491,844,1226.1780113451978
630,774,312.7468965337963
179,237,898.5439720539385
697,982,786.5245402058478
979,495,1491.6212118743726
100,90,1208.9768952293214
817,512,1454.769687982198
771,889,1003.6861126282199
760,905,752.8966373722857
278,116,920.7747388109127
573,202,747.9569540986362
700,467,984.8474315398514
496,405,640.764544300271
796,125,628.9383349662533
155,868,1266.4028356387446
342,747,1936.0095796316023
178,679,579.0341419096892
863,984,1259.0350636240685
690,459,989.6394798062548
719,265,259.44633789442946
787,327,1401.923963110825
539,223,1216.4586805585157
810,297,123.75237484102595
938,747,438.19282881148786
750,748,237.7547827488542
781,222,1086.2497407522567
40,501,670.2366969689707
615,513,215.81405773380556
83,225,2199.680553491288
132,894,445.5496958633215
798,733,999.2559382702567
693,251,936.4077473125618
999,104,254.9097868990647
166,715,773.4673362199807
773,496,749.7483592085373
559,152,558.9039199572247
994,139,1906.1141698189922
604,191,1406.0921036888167
94,371,1629.0757058309048
404,295,628.8967238175684
141,166,1118.037297049121
569,681,815.1915219265767
917,312,814.0902427286022
706,404,179.1874077664722
851,704,940.6532608442495
77,799,1670.5356594501131
807,86,884.9296156807188
898,422,905.3336253134748
320,444,1377.6274209670862
327,291,218.12867903478696
826,437,1476.5305503647369
328,749,1035.0091404705283
151,983,89.22545284638053
605,450,1347.0522718690406
984,205,327.5701697248942
508,111,1096.715924614974
765,850,628.24682804971
600,528,657.9417840444152
666,976,1181.5399741513825
804,924,709.3863610131549
728,787,1466.6999101714653
772,749,90.55467050947044
127,152,644.9272020660044
126,399,889.7251295247763
304,685,850.1294534272251
480,464,1287.2913843197462
485,493,220.98286188802416
943,508,747.4510191985621
211,365,1176.036826684001
143,500,237.06981369454385
499,799,766.4006369432361
450,455,83.34272116355814
736,967,1016.8815928600458
619,447,1218.7935914298537
101,247,1021.7814231509649
801,550,107.03874304653256
124,344,1872.3096449616185
621,672,1211.6433210056093
550,289,1040.26020023382
484,314,1812.214105400698
292,881,838.9841007682626
283,950,1864.6279878794373
761,540,366.6005019395547
851,947,2018.330700998796
736,724,997.7896491197316
746,614,992.1967291424592
903,328,956.7922456350811
869,837,409.0395363468481
368,433,1927.1309715360103
669,378,1586.18221706261
374,223,86.29615371567398
713,339,1054.165165006166
767,752,789.0543975881588
351,826,1392.6609187715978
315,450,1682.8664874038507
423,656,407.58926921447403
49,695,2069.8508663976145
729,726,2228.778874541801
605,304,438.9395323557477
581,820,1989.3564128404487
640,201,1025.872035854762
991,999,2261.4238911837538
722,484,623.0608178207297
547,720,2177.7990735807966
752,437,1281.031407320891
590,727,706.6354796833814
303,583,1809.4030773343115
108,230,887.9195281780912
997,716,1368.6320094896216
235,587,1208.5061267940102
474,721,1878.8857718832774
52,457,1025.371639620665
460,962,1306.0389180521363
299,360,1968.961460530974
395,658,223.76661972435627
292,819,1477.7886022626708
503,504,1046.0859735609642
61,273,1185.6989582101874
275,943,2253.3840326093396
612,323,1882.7641082973887
402,721,1205.3181127276048
940,289,2129.2438016060933
829,979,553.5607670527995
991,275,2002.717995202087
220,396,575.6363929479709
454,655,1744.255061433562
88,804,462.71581669886825
642,184,1565.2231113413188
639,575,639.2666810482852
830,702,155.85691622623995
620,170,1795.2000800345984
91,337,161.28923483059145
126,421,810.8410346011182
767,185,1204.4181147197405
135,717,1003.776487414593
163,436,1568.7432865989751
816,588,1345.4075876405773
646,708,756.5312798774529
615,952,1676.2950804502225
412,545,164.46951911073293
783,930,1236.7217679644775
162,767,1085.6158824202469
177,169,1116.6712152357175
239,975,797.8171290931806
936,684,920.9017916250315
259,634,1072.209269911314
325,85,1056.950847103428
463,101,1701.779557890636
52,155,962.2562319793994
224,909,1274.6358659247205
876,502,517.0726522518578
833,366,1970.8189739139086
610,826,648.8750852334731
852,676,1678.2602729286411
117,629,162.51791403625225
529,813,1082.2816939364525
780,348,230.21759378528003
910,922,1886.0671737424962
331,716,1880.6514155395475
924,914,248.59260157790095
896,168,483.60074695765974
845,774,989.50214471971
507,56,1762.3791473250499
218,644,1626.0688612079455
903,274,281.29796589549136
705,271,845.7244500044379
919,126,546.4074054004045
81,369,971.09263856451
925,742,1178.0980092849234
181,361,875.5620247696168
597,500,1176.60708075198
558,569,811.3410832290327
122,560,540.1342844310573
811,962,1071.023016829972
685,646,1451.5418417618307
541,594,1290.4738258946397
202,680,666.1610878459217
475,764,1672.3563467839917
315,656,1315.1930189042528
849,535,1799.1913266732506
225,514,514.6394656796159
648,643,530.5751728869558
939,587,1174.9551287326947
518,734,544.684586005267
559,688,1059.8573871473009
761,574,1390.7361171624805
496,677,727.517544202295
322,657,750.8313690129403
880,574,897.3800746281182
885,637,379.81967217627306
745,894,1674.4063573540286
797,733,350.44180139221316
305,41,651.9369390270647
982,963,669.211658995653
601,999,1395.6883437302697
410,584,1764.1030387918238
142,66,1097.9840262194791
430,552,708.4915702840177
997,603,942.6667533742719
676,414,1581.0283158469158
879,836,775.7462333294254
296,609,612.3825799388602
803,944,1042.0214393986412
181,275,2202.6167805325967
858,776,1385.0148001084492
667,36,1925.381734118194
936,753,541.8810421983017
921,101,1213.4783317931824
909,452,61.37944947291437
601,386,1330.9625720133995
305,677,515.5504028179441
309,698,123.33667281038598
81,695,645.2599870813307
596,916,877.2129486870388
950,851,1123.7715626721622
410,224,1160.4119560775712
94,75,773.6070516411355
155,863,1116.0140118716204
554,274,1563.7861440034355
862,856,968.9726500520527
195,677,1080.3864863863457
89,953,1101.8495746811998
358,805,895.2794748966071
220,798,1244.9384975042924
256,278,1132.931028778851
669,315,743.3663970758955
221,200,847.0073742432495
837,989,190.156345375721
224,825,220.84907523598162
102,486,751.9689812711217
446,846,159.6493833667308
800,820,1353.1298963911468
350,85,1570.7524384467213
823,764,1965.466013626119
804,877,847.5156889638369
113,234,39.41310584781845
349,758,463.54643027574133
666,871,1735.00409690308
654,306,1317.5879970425528
192,799,1983.487591700948
100,583,1147.5019791068162
692,422,1147.8597929597238
548,676,506.1879304141784
893,824,863.1437178075357
120,478,573.0728618026741
315,106,904.1068437919455
926,551,822.8581453947596
970,151,878.1875673830444
272,862,2200.6345119770813
695,384,2164.9417661946086
616,342,68.42028468527529
886,457,319.23097287055333
903,67,1660.3089446247707
216,832,832.5344187912538
151,93,1716.2348216710302
333,944,2125.8510054642006
926,894,106.76809741722798
460,605,810.239203109195
441,548,960.4026714328708
874,544,630.5920294447586
546,649,740.4650106948976
298,917,692.6344840745528
986,373,704.2721299065778
750,944,1100.3816326919655
336,353,1269.7470283304956
979,918,1403.8889191689323
541,448,114.35470577507907
170,386,1050.2175718689937
225,126,1819.5848617183265
177,318,2356.6865512739655
461,297,1295.0659134380978
47,514,1492.4959087146171
576,693,1871.1435781243754
615,111,1216.3441259352405
836,523,845.2506745891674
296,406,526.2153414185074
811,583,1033.7165007054846
927,206,747.5769526325862
487,206,1323.4969982931245
233,498,811.1355912280419
569,994,857.16087580125
566,42,682.2984301915432
452,223,650.5499065795409
330,39,1361.3821902006268
43,811,1386.890140196932
803,983,1411.719284373288
198,202,724.4215573316943
879,516,742.1769506143263
79,953,1420.6724104036145
972,208,648.8718227323772
774,827,38.16801435539525
927,921,1365.5254931700576
84,301,59.87838565590555
862,449,1456.751707110939
642,736,881.5726502009738
910,840,507.0855797248998
469,153,943.700843445492
724,619,2185.918336920142
254,422,1384.8940525088062
433,301,1606.8640689424208
192,781,1298.6331116360411
304,240,393.5806129956318
637,927,1659.258349519441
679,763,206.13730103626096
93,514,1905.8802292210069
353,878,1250.914200104722
474,815,734.96123318251
863,874,1024.8590898810746
341,539,702.9176688327755
185,525,1149.3401553031965
87,353,1033.6119151061614
205,150,2105.7316162953584
855,874,678.3994443623586
306,828,1114.2182181650078
58,368,772.0877250258768
472,125,1663.9371697372458
576,324,1081.64012748879
226,976,976.446592172215
403,832,497.47489713218556
92,934,1359.5349017021747
777,243,1042.4029075368783
692,57,445.585019703339
543,881,304.10538838609654
112,429,1110.2815218222208
571,134,1644.060182280596
346,709,899.3457968298799
970,285,1734.4827706705
531,746,1090.55072021824
709,279,1627.1360697554037
749,666,306.4145325866078
119,306,542.0356377147845
830,414,263.8868713742998
800,394,710.9598429949775
295,161,1085.2556072573227
391,494,877.0937312808453
564,416,776.8396740289692
928,547,1106.3766176881506
610,640,1564.2340445072766
249,966,960.0704369441177
985,951,1214.3856089723852
106,98,1725.486316640987
498,675,1992.9360856386547
673,985,1194.6790336479244
165,760,966.3684901894981
607,121,183.85031615627588
832,785,2215.1825963949527
458,109,867.2937012376319
549,266,729.2680345231815
659,331,867.6393381881226
891,253,464.1140587456981
408,385,2161.48417074569
97,653,1003.165416437027
488,651,1959.5668306525718
745,157,1455.7784720848304
873,341,1164.7934311344832
645,774,405.9818974329215
94,941,940.9702432073965
123,176,640.868122019909
64,470,856.5522167584088
681,125,1236.3662857113075
359,120,2344.1404157743045
309,397,1211.6990869259337
378,648,1240.3868351300907
386,536,1442.6433172469524
834,341,1159.1055284976032
980,193,786.668468297823
561,240,792.3354390994684
463,924,687.0424187212914
628,520,1749.535439136987
441,941,2894.877614419715
660,536,774.2975880037385
893,291,967.5423320577111
960,840,1041.9429969088949
470,588,1725.217629691051
837,991,1545.7117243720002
642,561,409.0996818819131
316,833,1760.2777054816142
201,353,878.8510343038052
335,290,582.7004760622511
75,706,498.4804913012017
600,574,1258.5908573000106
597,387,2325.0700741271407
992,425,1054.0500346151018
874,617,2136.8287914882694
627,58,444.55277356251975
757,505,1078.0101235463696
832,956,395.3788789579661
491,149,1673.381065131957
459,645,1340.822956709877
973,390,1140.241944843506
599,923,1373.9591975029011
739,785,791.6791763211064
729,244,1685.0472367012094
720,508,852.3236402939194
920,443,708.9173761008094
521,665,2232.635013817674
257,218,1245.7746766836328
266,665,879.2831183285225
38,41,1042.0984568763479
801,137,1469.4972165592262
320,719,634.6431851243941
498,340,730.0088767211039
539,423,1444.500190603743
333,969,889.1624918134322
564,186,1228.2713458311364
70,322,883.2330726072224
750,815,1249.3383497066943
550,472,1135.3288947064432
839,281,1270.1788388105376
326,965,1583.4254390963943
721,169,1146.4511566394438
432,910,2658.216416505723
594,489,2322.4619391760416
300,997,280.4675265691076
450,634,855.867387051997
737,218,839.604039363646
732,974,586.758713332122
951,960,1300.3528355140609
52,786,1589.5074742353868
857,769,1554.0184576503855
578,362,1457.490792967735
889,354,1645.6319137304224
890,534,534.5004658305674
888,147,213.46114316035914
237,484,519.7399829038153
234,522,2537.18746797557
702,432,1056.7934133943204
643,89,1422.840265303892
50,646,843.2857241782377
68,654,491.26446180486397
192,103,1468.07142112108
967,84,993.9166186692347
436,152,1096.471576055265
469,62,1822.1884421887726
680,720,1602.194012158451
549,846,593.8217262983457
250,795,539.105291655631
109,203,1129.0421446825314
303,636,988.8792353956518
288,480,581.3023000068579
113,408,1508.1904365826033
613,455,525.0593188961003
561,603,325.9332274561369
170,931,1553.555478145431
645,610,1056.0343296572753
940,951,772.2799149996791
300,665,897.7919447807651
248,43,322.6841458521852
620,344,677.0388646856122
223,954,1104.9379450201545
342,139,963.4100678670568
96,722,1630.2575796325475
956,861,1636.093712160682
559,722,2011.9504157576216
758,372,1250.538433361989
595,644,681.855998122546
690,66,1959.3971590760143
409,524,1204.6233714201164
165,890,192.4811116466309
51,824,469.06250671455587
658,937,235.5501337444619
543,857,1404.062830794896
198,807,668.8479963265929
981,584,1212.4822609358635
857,397,286.8046118771667
703,209,375.4712299175169
905,290,327.58709961575886
567,538,804.5157373146752
91,940,502.7286904097155
593,316,1348.734603788176
936,229,1332.6910096313059
992,898,705.7772937546284
489,806,1213.2996259772178
540,244,1110.7098519401857
451,117,840.7265434627475
241,971,1170.2305536945285
699,783,1477.4704065737455
529,468,1441.02546404006
310,384,1195.9664343933896
494,615,1793.1258816587078
740,218,2387.8340002573245
518,125,1146.1641039641431
470,246,1334.2707679464029
420,779,1984.5595230063527
460,560,787.9259686930154
809,525,86.18991001387087
53,863,1108.2808513703428
599,603,1188.8513406361922
40,436,800.6171270493851
115,654,1031.1121429618386
994,746,273.34406184301446
331,42,1143.3324711737587
114,164,664.5341691894738
571,990,158.6038821535273
69,392,1549.3789247946265
607,110,1236.2153274913571
226,456,1139.0575141393863
558,517,697.5758466694588
96,937,2008.4302285014962
469,583,1354.1156755008894
178,331,1576.0181534675223
326,805,799.9213163819236
613,674,1660.0782483570658
745,649,567.600146736665
846,486,848.0970643430406
821,653,736.6669915214417
685,86,241.98563395801415
127,986,1527.7938577856746
821,826,1174.5935170798125
802,79,972.4570681389451
429,595,987.2012331735704
364,667,1371.58985537471
300,902,92.08356321283442
406,465,438.96952622521326
245,133,1737.201610465763
716,132,777.3985794665996
685,821,443.29862204065773
828,787,1324.1906496477022
440,398,1254.760765777073
121,815,473.45146791056
379,678,1001.0145560051744
803,276,189.21035939767523
549,261,933.7437056374167
280,659,227.34924254309425
395,208,973.4232965572774
78,447,140.1594497728465
83,765,572.4158746940512
587,979,893.3117705904195
476,630,680.9109601465517
72,776,1825.292718660332
67,918,2126.548747280256
128,565,895.8064743890961
321,564,670.3184741913643
706,648,1141.104333684083
549,985,976.6674608523001
210,350,977.4338323208548
451,892,921.3141774066852
823,432,1060.79198322277
313,737,1021.5698346048542
281,40,458.76525776570986
621,666,2032.1894271202957
280,314,1045.8601888357032
308,627,209.70574807902466
798,625,517.3992913008032
730,209,1614.442587744222
38,637,1664.7215760168147
384,189,2224.6224482127236
976,410,1504.5210640121654
415,160,314.6172444060465
270,177,1157.9441080008717
377,656,1257.366323574688
373,355,507.61867740184545
367,553,851.4491292647419
239,760,1111.753867248428
792,668,335.45839473109817
962,335,1444.7797630139835
800,380,1208.2606605266162
177,657,1469.3266451145018
604,667,433.40753016431506
844,311,1857.7068615598616
490,795,1325.1142138994726
625,861,961.3266623468073
320,136,473.9384651106409
46,288,352.66267547657344
934,689,645.568234936437
52,748,1747.2907061374817
414,551,1951.1241509398494
950,960,1186.670415603141
890,972,727.8770612780063
267,145,1344.2009261732587
36,256,1756.243139645262
351,788,1619.9117652664202
908,976,669.2110597847897
349,507,1770.583098024375
395,140,173.86694684354583
952,781,526.4885666823477
956,72,1246.3845175001227
195,451,483.18626223612705
589,301,867.1121833756565
197,574,766.5198250378803
734,130,546.1428039179206
902,700,868.9860619023805
490,45,910.4370819399229
734,417,1429.289128410635
837,981,856.5307968117952
875,378,282.8122812723327
586,966,1443.728712360464
721,784,253.78573137069978
512,435,1203.6192514651761
704,570,1282.4803324910679
991,271,1662.4103217610277
231,171,1028.1521543864667
80,585,212.811941517926
965,845,1382.5441899242426
750,606,451.3316342481788
632,690,1652.4366456320183
149,675,1450.602984329058
880,222,365.4430897685946
676,89,869.585793348058
527,512,1030.5924997012905
495,279,977.6971095427193
357,282,911.4679860533007
271,941,2345.948566137073
491,132,933.5490572538707
896,350,735.080236908856
66,651,865.8807940594455
390,968,889.9336608625085
651,221,164.09370642286356
975,850,1012.3786832990914
121,142,1015.6108893682658
483,406,797.5457870539451
609,364,1123.302091972504
728,467,1038.7235747239652
901,45,533.6817329399247
46,631,524.5688890335911
733,260,1079.5153371569775
622,656,428.9695367239592
112,184,364.05169953357944
646,49,235.40962086390456
337,203,1367.6089604855617
638,343,2133.015015551961
323,769,1202.2886697906567
497,446,542.9253797907479
568,661,712.8794981012995
622,961,1207.7138920463337
75,398,1857.0055590365628
709,100,1434.767455453337
839,616,479.3888861163329
62,997,1445.1956694961245
141,241,994.9272837943255
489,114,2195.8893812930382
392,618,681.8914956398428
479,49,139.3553979798093
651,906,1661.762432004607
983,603,691.8896938149928
632,977,441.82190756225737
72,578,988.6634651893189
92,238,1308.0229600082243
849,185,1150.1081419703423
698,238,1132.4202936786123
659,167,690.988488573317
430,261,1762.8489380334793
367,562,568.3292279285721
205,356,1073.3003332151568
828,801,904.3785242803528
153,579,509.15879565147003
942,438,1551.3742652388896
69,298,464.8458118435097
446,717,736.2315191720909
48,873,641.9565137327988
888,821,427.98932568940984
770,77,1465.1062601058572
870,741,1094.688956799758
432,559,1601.869746563709
985,64,1643.7576486157234
322,573,965.1528777042797
197,445,1011.7784720378926
984,340,933.9206954655624
440,392,620.577118300403
217,523,465.08160986000905
829,343,1492.3389453413447
751,283,696.6470292126442
500,652,950.8040903468036
279,531,1772.959203588027
335,847,1999.6402431001195
420,879,1284.926537429773
829,764,1820.1790123291355
841,602,1640.7385497905993
337,281,849.001936760753
817,377,1256.8899449782202
959,873,901.1497332649802
532,690,1111.3434823664018
965,880,1406.2917156665687
417,638,938.3196291548471
393,650,853.4054528325365
800,796,882.6598614238288
412,922,139.49559913117534
81,159,320.482140837496
576,568,1718.5569607906425
407,492,483.7445238252405
242,75,1577.4250259917303
730,997,968.7819581288505
734,993,617.6639451191857
82,958,1147.3885398188947
415,561,1243.9957247674051
973,234,987.2954067592849
89,254,625.1845335401582
392,961,1163.7124298834576
242,534,1107.405626493496
589,548,618.7922564172011
363,990,784.1088021186512
970,465,867.9655492816499
309,596,950.9774809064085
197,249,1805.3119832903576
753,245,376.81467466062674
859,446,347.7911808935952
592,695,1126.4904648688357
236,560,949.4883912809983
776,973,1070.644635216002
158,324,403.06940218467935
683,771,1618.0456837304234
963,639,1008.9850411438646
607,938,1198.8147042812473
244,633,127.98401975043086
266,400,679.0165714891092
115,923,2546.9754903744747
364,711,146.04596440659117
541,639,1059.2390419415692
413,761,1858.533400620485
229,333,199.80440941677742
858,773,1173.07390926004
913,552,768.5073943676944
74,267,373.15953622900486
351,507,2403.536813037961
84,182,1247.2148519089758
416,144,1248.4431197924414
751,518,1076.7984649300597
85,855,952.0393038709501
178,765,1494.2775937434283
738,661,219.09401774018266
609,761,1912.0098589505499
506,693,1773.991089623941
505,238,367.24776425273393
556,183,1739.863035583063
146,731,1089.3819903657245
857,494,400.8486450347708
253,661,1294.598740149477
212,735,1261.9201513205176
416,867,1239.540334678103
42,507,1412.4458896907795
494,338,1023.587195843221
967,702,1195.8223776897455
928,807,321.84269881284604
135,532,546.6541938002682
948,932,1074.6258560628694
205,357,1101.6912259200353
849,151,1097.1494867055108
604,510,466.78181304907184
408,69,745.0080021901649
488,396,1780.6283486551956
80,806,1346.863316048034
801,535,380.58590926957794
887,247,1098.0896399713388
326,812,1719.2914113516842
374,344,758.0027469634936
571,895,1348.0013363849707
181,987,1476.3042583940048
290,219,1082.2644487048035
617,111,306.13843121180975
965,542,1872.9350119638768
647,662,1918.1743660356153
329,159,531.6995201342944
744,336,1144.851286081288
68,277,342.0706611525609
946,372,1562.177118475506
969,168,1162.9745594004448
645,898,634.9936833083032
395,239,1667.1582809649956
806,805,1396.7910124546597
414,729,156.20210495210767
966,621,1486.5671003106029
365,759,1075.7473179521496
166,91,199.729808370969
509,875,1299.0625078312087
709,328,913.7715760069931
404,182,806.3201590949495
883,796,1801.4100910546795
808,37,1968.2696239719864
737,781,1303.913756094071
270,711,923.9341669794484
812,243,96.61259724743967
859,992,1548.5465220720014
455,629,669.4434693711673
742,597,1761.2185705123475
614,504,1712.6498996158757
159,915,361.2731048529085
767,380,807.764960501604
271,62,1882.4107538297833
568,971,1582.470071970487
644,745,405.87827669392453
827,556,1086.6973014984462
319,493,459.30696702521163
190,367,1504.9154821822112
358,552,307.3834768209318
914,297,1152.2380291131183
836,686,550.8444640806141
669,286,1571.525069930425
219,784,1016.2513340832367
288,139,933.4021161076463
230,623,906.6903090617618
138,604,439.31994088089573
616,148,1001.1202752740151
715,508,1140.2486475204962
922,118,1246.3640365490933
643,451,2345.2617541876184
869,537,751.9271533375423
817,933,1415.0464756788083
678,168,616.1993918110935
560,887,352.2389994461964
438,44,1566.8265702225237
118,399,1461.7635133274878
251,538,582.2556137319586
231,119,1495.8754951456276
748,194,554.5445833630507
699,953,791.970074044714
748,170,1899.6213825108093
211,629,938.3425399572599
50,995,735.4782198721613
114,220,1699.0945016415817
962,966,1205.390050087977
995,372,1854.0005464250069
924,757,1501.2100849006354
853,370,806.86960639362
506,382,1686.9650083442452
698,330,1016.0497790496577
147,995,653.4821660771192
704,208,2062.7987931702073
149,986,1251.526219016793
633,120,1243.204651896966
351,297,1040.099024013726
971,753,1490.3490652397732
999,247,1333.5089968001705
587,759,1165.0458035551244
69,316,1664.278322825326
693,606,343.1671107329194
649,532,1421.5625364812468
809,836,1922.629550917165
895,872,2041.1108318198771
471,576,423.7338971315056
135,72,170.7045775095161
659,399,372.7743119466167
531,238,1594.2212202109552
739,433,991.613085829963
724,770,1836.1296213477365
320,121,1323.3342054886336
292,546,1131.6883604855516
592,772,1248.4230207884855
203,977,1152.6325503616008
746,317,508.0790749275127
898,614,936.7116971191981
383,981,1140.6767704731644
753,469,1204.3313499865621
817,501,1224.7503517437794
913,471,908.9046116467495
932,429,737.0090324117889
883,572,1573.2682546438496
369,597,1306.7517328483334
526,812,851.6751629852367
663,167,1896.3976088424333
208,986,808.1454412375343
290,634,815.7639594566389
460,194,1191.2285459375137
877,93,2158.838523957681
530,959,1495.3006763048857
47,585,621.0970415268131
327,309,1618.0889390661866
633,46,767.9263349629971
237,233,614.7561295154807
476,591,1381.7575395536928
137,983,465.51414590735527
824,529,1373.6842186870913
287,978,1145.1330294747609
665,678,1009.9697328101814
272,60,1447.7882577980456
58,998,559.0613977115505
722,59,619.3816156258224
607,768,739.309589962989
760,937,1095.3692084770628
114,923,465.64394039599426
563,564,423.3483364547493
280,854,548.5448451314817
903,925,1626.2340570814638
852,864,1281.6502490564205
864,348,1127.9297571442542
77,546,873.318098440705
300,523,937.0417161285229
327,619,1796.2294961474502
859,464,852.1129903326508
407,332,1873.7401377564709
865,533,1351.9103037420516
493,643,857.8175128998046
943,130,856.7908910579795
389,797,1153.6508485222448
305,481,486.26974390097155
281,176,456.52766919259193
866,733,175.14373934523067
553,246,1168.2231183316198
512,669,1577.5748501537767
994,590,695.1230343569154
350,572,1432.4272668767521
878,303,751.0817370849759
142,706,485.25144177175787
959,112,1381.6638713628156
220,168,585.0010828508277
978,448,1051.8277963562784
230,98,452.6325868676761
368,179,1317.7119752754566
992,692,808.2812700015869
719,744,1030.4030118874377
632,471,1143.8227808906122
841,93,1748.9896869526688
76,495,1338.9330238520997
336,274,1628.2446734151679
299,382,465.8157085446744
497,498,711.1427105813731
150,873,1929.9761145059845
625,184,1657.300730024414
638,298,479.7245673560101
343,390,302.00800470112034
370,338,1922.610134941821
317,92,1392.5033980054452
844,280,1063.6640804524584
374,272,745.8143427607848
340,876,207.2357569208822
79,941,2375.0913213205804
299,711,182.5480186891277
486,859,789.9253815430574
980,387,1296.0268105000807
700,818,1205.9353535589285
336,212,1930.2002158463952
142,381,468.88636224014994
124,919,486.69202430175784
627,990,797.8610052294072
60,303,222.68049434235232
388,373,2297.4014502661594
969,412,1268.4730884575804
947,843,987.5409316085023
216,55,1096.5061658157754
248,511,1178.149028539657
953,865,881.869212004569
545,917,1642.7377056090463
103,108,1828.0913985867755
828,726,1134.4410326485915
434,160,1527.6503940823732
713,155,294.5945559533743
49,339,1054.7602767362444
819,391,460.93673582428846
511,723,1465.6780776013914
790,37,844.8574907090133
807,291,1439.9112141390533
949,485,1306.0787283184773
663,318,1013.960900631053
534,295,254.89393275967825
814,343,691.4311005226939
652,710,373.5989772178854
772,694,1029.4623837883128
855,302,717.4613295584536
321,175,773.6504862834155
190,282,873.155228445287
980,720,604.815242115062
470,321,601.6693486740518
946,847,457.94571258388487
116,145,198.37131621801709
532,942,464.99362356718905
632,465,188.39586011364355
162,214,661.7398643289205
471,499,603.9396947850695
429,831,1517.6397075152138
933,477,1562.551241482486
710,109,499.82378827106277
131,978,1426.0622944171241
501,199,649.6398156626661
307,302,708.5376381328856
200,510,953.0669491979233
215,294,1201.0309726781372
61,592,1364.7760520013176
945,202,546.5601125501177
47,596,727.3784615819375
473,809,927.0113524088147
868,955,1434.2657964461728
585,323,1297.7573593400014
107,287,1547.6522209200864
916,779,1171.7127310576625
51,396,644.8717465389695
712,969,969.9277050320326
529,606,1403.511123691164
996,92,1675.4449538776673
999,860,416.95780329062336
329,726,540.3652763288374
161,730,308.4244968835304
776,886,294.74343343862836
933,864,628.9508653414617
827,492,1340.106053684099
845,628,898.3980633664831
203,338,2290.4234737167317
920,879,810.7087968556318
234,724,1357.630096952382
215,443,1111.3622801371307
80,550,764.381838207421
138,288,752.9119667052834
349,678,404.15787574310485
319,312,607.4726068115414
131,207,1136.2134172589901
687,54,1164.525569543218
200,517,556.0331058896021
45,812,84.90565644104161
140,265,946.2978860970346
81,95,2017.081515879128
915,199,1668.328838955227
558,571,2263.194296744179
890,100,578.4252420374838
54,861,1926.6364930784318
453,764,1375.5273783169737
522,377,851.3692264642782
727,938,1040.3241569462286
463,253,780.8264526371046
864,818,939.5441066219178
358,634,142.54172450150915
671,534,372.96905102663436
382,858,407.0385416926178
716,499,1952.4262305507357
842,411,1172.243963863832
159,156,1680.6769407899035
672,535,644.7104457385883
599,419,1076.2592079907272
630,129,1151.7469447405704
267,933,2047.368346160497
164,620,741.8392416213472
476,727,1065.7985784002522
926,356,1240.7175968581857
795,834,490.6206533752451
178,435,1261.6094391421868
606,515,407.3068653735957
435,372,921.8049054084108
578,398,1013.4347224002066
183,940,505.4341114707844
278,467,375.5472680195655
526,563,406.96479135027914
487,887,1137.946995397133
150,500,1050.2515869032777
479,902,867.0300486621758
108,964,1824.915881470406
503,419,870.4854994383974
340,770,1472.1539999291424
846,400,1007.1668950788363
216,822,1230.2188634171673
56,206,1288.5710492189896
788,654,1028.0425320650606
889,741,1448.3187005813736
165,809,1126.4452498417265
173,131,52.9681291648549
516,376,379.74478586936857
972,542,1790.7777670267503
689,493,821.7598622816989
815,763,2037.2969161056903
772,795,637.2855077946475
299,813,459.4042630223788
412,525,1723.1563035623387
626,747,1034.1130007827858
548,253,906.6687489058235
120,357,1382.7359411685184
129,892,819.2959807907279
416,858,641.4089093470321
869,123,1430.2222441532997
217,887,724.0745760014555
757,681,1086.3012318447256
899,520,1458.4171301965846
995,711,686.8040340393633
742,622,1407.0198874595285
620,385,1455.7003701891433
952,883,2131.0890438103365
165,375,954.1974419344422
307,285,1496.22489432369
143,793,2073.606124284027
128,110,2171.21187059316
625,553,905.5162869733219
875,483,1570.6016985506917
426,868,157.1285210449556
682,191,1484.808010618816
285,112,1895.4694416345178
705,590,1323.1016946716463
359,586,1581.5427403351775
445,78,1021.2450740311971
259,393,134.59245248755428
215,317,1053.6478913973447
609,342,606.2686167644775
45,619,1576.34743054037
689,46,1334.9231126625155
171,323,1633.667045359603
370,419,1210.2005524073907
932,362,1056.3963675017876
133,961,495.34294852162355
783,581,495.1190650722733
937,459,1758.9196304018985
891,998,1486.9273949155222
624,562,2229.814824717234
129,694,767.6017024197148
747,851,748.7338059097315
68,675,1445.6778004197995
895,136,1051.8906084204743
725,825,1168.5073389451034
456,58,701.3722676212549
430,256,1694.8711984168312
696,635,1439.6357028984078
62,243,1260.7892281378422
249,978,336.180195729916
527,252,1077.7290108801772
51,258,417.9390460640508
504,90,1494.2839836620315
212,436,742.6266324243651
252,728,1312.3516397823735
692,957,798.5248624204155
452,994,1384.0751459670503
866,739,516.4360335318668
420,219,1657.7459716846995
958,505,1071.7278786625488
59,688,372.51597943314835
833,932,1643.8928049728665
163,66,620.0819384666603
911,987,156.94920118813948
390,869,1428.7895418977223
650,250,1406.0330338882407
221,251,1681.4649422841217
139,135,1691.0851035557348
335,172,1132.0176063015945
434,458,992.9089993961904
360,209,1672.3621577680765
228,888,710.7492237708577
738,611,629.5327057925098
949,408,1558.648051000541
472,650,320.8801685911799
235,782,859.1090375606507
468,877,1097.2249147718494
865,270,1325.27706359042
623,461,779.6102243086092
557,275,683.2603230676704
756,103,108.3535487789388
884,521,406.0468756933236
495,995,1646.0322200128935
565,284,2292.179421969625
188,765,1135.68877918633
79,960,1646.2044248336429
378,306,1527.692650088404
916,347,891.8552170804649
240,206,323.23290751187903
757,427,640.9788531268803
882,899,462.1669194150258
366,756,215.593065865667
74,291,1130.0131474613115
162,813,1052.7020449056486
717,227,1292.4484276736116
229,683,1831.125760123777
783,399,955.9600354678909
146,808,1075.2878987666827
673,247,971.4353022851759
691,731,703.8478321219725
886,881,2185.6499765201993
528,134,319.4737709672671
85,181,1524.8707625927552
542,374,1027.5419733533593
226,555,1445.1968470942193
612,109,859.392870499246
530,301,2555.3499397086775
639,558,1442.6538618564375
655,989,1074.8915903928248
377,804,437.03336291287536
875,488,242.54095177739413
537,215,837.9551284337207
195,314,853.4874321434804
892,725,675.702681323115
324,50,381.1377134274694
347,447,775.3148797588238
775,123,1744.9105576606846
386,949,1558.7074468340363
929,786,1532.8741701675765
214,628,215.9478599263602
43,930,645.900966224094
925,749,1939.9006051042927
491,696,1327.192585981909
905,756,765.5184483258197
171,644,625.4178429263904
831,611,236.5919908395412
153,127,1017.4908997531617
916,553,530.611659987649
99,622,852.3965508026989
482,883,1472.603564045325
822,456,640.6321163815246
265,640,477.21493540762157
915,557,1845.1030625093617
420,438,157.22732310953194
249,407,886.9680814174276
679,674,348.6442685673654
633,655,886.8967430059313
97,405,1261.992970452714
294,820,166.09988932659036
388,552,1048.182071730978
339,592,1447.3322277467657
797,930,694.978614146765
884,394,1530.2180664793098
688,905,1129.371196857176
726,919,676.8800747069383
244,437,1371.459086915882
575,908,408.73002704834386
198,972,924.2826997401007
457,993,1264.755052199069
51,727,638.3432076875813
293,850,1390.2833294849424
951,147,925.404453770209
370,601,1893.8810988353894
359,283,881.001221161589
107,668,488.9768419841597
856,183,504.71392554776355
993,842,1403.3441061728704
43,71,842.9593787432543
616,251,878.9403351088027
547,277,1297.6470738839676
356,684,794.4195241228629
407,91,959.8867379107187
668,329,912.978014089864
110,878,1403.9308419886702
180,204,924.4257544564163
697,260,1256.4029691317041
930,373,1172.6944692308439
557,524,1468.4784413521606
64,984,1650.939635063846
907,876,790.1339679023451
214,743,31.099300974962755
98,987,890.2988525888675
478,880,694.7003587534628
943,296,1568.9112275000866
882,584,1415.6933897258314
865,829,1860.6095183752022
106,209,1798.708312336586
179,970,1638.0882686137538
55,184,1380.0115378237601
141,195,1483.9175443595832
682,261,325.61126833241843
816,284,2017.7373412634556
71,866,953.2622757911168
311,187,1576.4489720882257
314,896,1926.496753848859
822,228,887.9167903372786
96,164,1292.8905676584097
95,401,1323.140257908007
899,867,1112.2309524914187
934,518,488.7059278232847
545,910,1955.1842240121646
540,394,625.1263238507895
409,396,1737.276642541219
567,968,776.0407539037298
790,956,84.30038916392047
71,204,1296.4104448609496
384,623,993.9888376333325
82,156,402.5901509887125
503,664,1133.082828198258
359,513,1406.671946231621
563,947,1385.2247187188123
853,82,656.8699281162367
516,313,931.7871290792771
479,480,590.9353304252279
454,130,400.5717950824433
990,116,530.2970779311877
398,380,1244.9922974645806
537,712,1067.9956114246268
187,366,1172.2840428284546
802,824,1223.8985635021456
957,626,1192.4334511427317
102,128,1496.3586754374373
99,827,734.6242937144816
383,171,891.9214252945204
902,504,380.90507743941635
240,200,591.7789762259455
523,138,1327.7008595148504
907,472,931.8024721553602
466,617,1315.4954902573156
217,67,2644.3865650906255
785,820,1889.0712492880828
731,896,1244.2908865139534
243,106,1396.660530606262
193,841,1277.4186648498062
287,130,960.5073153548294
572,671,961.2751092259997
793,259,929.814048043789
42,526,1517.8673312973585
897,187,1316.2355522055293
485,775,1187.7711609338007
636,413,145.4540953382437
160,345,742.8064159281549
147,833,176.7514130956481
959,229,309.00425374741974
554,405,794.3331057644349
363,589,183.7712344208402
146,658,376.1716032121809
697,628,369.27339073281433
104,540,1284.6158943655303
103,101,372.26040277210353
273,344,1044.3460488042797
217,947,1259.150394099328
710,929,1257.900721583654
387,655,820.2111579721374
145,119,1414.5112658797632
415,283,1885.7906908276066
405,292,403.6557032994084
713,478,270.6883870426551
867,59,226.70683930405522
973,657,97.29270615854404
752,53,67.49178308411373
196,759,1546.0207850082797
520,509,1771.252192575783
54,418,628.3468184817896
172,453,1383.1358359107896
486,319,1239.2209123317805
104,449,1674.8845301604815
53,95,1827.1873531281822
845,600,1736.4489596840838
545,835,1423.0187180948378
624,989,1192.9069540911205
174,233,1086.5025058621773
401,675,858.3241451049807
627,974,402.9422686935481
268,119,1520.9415290830423
459,311,1884.1104818726706
790,268,1526.849642378005
840,148,1158.2975403237504
601,455,2170.2964407121203
613,403,849.9292620065077
788,110,1705.7098062697276
929,861,2695.962887572172
536,352,328.1288442674278
658,510,1397.4204922747426
68,131,1252.80348004555
909,788,1361.3665927054415
595,231,1001.4158268170445
664,691,756.6389936763563
153,538,833.080495115553
250,652,1357.4159829336907
44,204,588.8463730326812
443,236,579.5333425495147
535,708,925.0230753395072
326,307,1142.8724135347484
473,755,1714.5150874216276
835,422,263.7596689215812
475,321,578.0081182996701
626,466,928.8562814883117
475,388,1315.2925854331932
287,482,2094.4364370719654
780,712,1464.485884299671
358,677,1328.9945442036233
738,260,1265.3080747830015
104,517,1053.237943942086
319,425,1810.810691573566
884,588,441.6976654938782
506,712,1277.1950273913492
404,61,300.11369838364084
260,694,1067.7567418430315
789,476,1137.4489861593474
707,274,721.1776997551589
108,176,1493.8285097646915
480,927,1154.1747246226173
653,258,2211.4112027735036
611,762,1154.0665275364663
617,464,1612.3322314464156
158,423,769.6717825659421
742,687,1921.2032999772462
588,684,181.36084387501145
355,44,1239.1945458375849
328,596,1474.889994585612
434,849,733.5351509506521
957,286,1358.9173294145457
475,580,439.12287840383766
524,55,1283.157503764403
835,339,1268.6423217694764
567,40,996.9933928240059
591,143,760.4639652681909
526,44,2024.7910757490838
694,102,1181.6455711703202
379,76,2020.4894899355334
909,891,1196.7850269091848
169,302,595.9351649004777
211,528,639.8823224387412
448,566,398.55825485017755
73,214,554.9012802496367
400,187,1336.5273401049003
575,348,154.3763689857868
57,354,757.5920484990597
316,557,1727.9303686226167
360,313,2077.984424114197
503,433,1201.2435481045532
346,78,778.4482696035903
738,447,714.6677176933332
163,506,2203.134670682548
608,605,1077.5890279669106
754,573,1580.3398916340898
88,273,151.3758940191729
668,128,456.1040094837276
445,144,1643.8626086175784
798,232,1374.7297165798932
365,492,770.7638714056385
263,198,504.91219445340204
246,277,509.72110134091474
752,686,1517.7917314379235
680,352,1098.7093710670713
770,162,1969.3258160436876
117,356,903.6334060027317
start Vertex :,105, end Vertex :,912